{
  "ba_val": -11.668781280517578,
  "DG": 2.7606388286471883e-09,
  "contacts": {
    "CC": 7.0,
    "PP": 3.0,
    "AA": 25.0,
    "AC": 22.0,
    "AP": 15.0,
    "CP": 10.0
  },
  "contact_percentages": {
    "CC": 8.536585365853659,
    "PP": 3.658536585365854,
    "AA": 30.48780487804878,
    "AC": 26.829268292682926,
    "AP": 18.29268292682927,
    "CP": 12.195121951219512
  },
  "nis": {
    "aliphatic": 35.79175567626953,
    "charged": 23.64425277709961,
    "polar": 40.56399154663086
  }
}