{
  "ba_val": -10.921147346496582,
  "DG": 9.758776009505254e-09,
  "contacts": {
    "CC": 9.0,
    "PP": 4.0,
    "AA": 28.0,
    "AC": 20.0,
    "AP": 15.0,
    "CP": 8.0
  },
  "contact_percentages": {
    "CC": 10.714285714285714,
    "PP": 4.761904761904762,
    "AA": 33.333333333333336,
    "AC": 23.80952380952381,
    "AP": 17.857142857142858,
    "CP": 9.523809523809524
  },
  "nis": {
    "aliphatic": 34.633026123046875,
    "charged": 29.12843894958496,
    "polar": 36.238529205322266
  },
  "execution_time": {
    "seconds": 14.393742358999589,
    "formatted": "14.39s"
  }
}