{
  "ba_val": -8.44273567199707,
  "DG": 6.416486826310575e-07,
  "contacts": {
    "CC": 5.0,
    "PP": 2.0,
    "AA": 10.0,
    "AC": 9.0,
    "AP": 14.0,
    "CP": 8.0
  },
  "contact_percentages": {
    "CC": 10.416666666666666,
    "PP": 4.166666666666667,
    "AA": 20.833333333333332,
    "AC": 18.75,
    "AP": 29.166666666666668,
    "CP": 16.666666666666668
  },
  "nis": {
    "aliphatic": 42.537315368652344,
    "charged": 26.865673065185547,
    "polar": 30.597015380859375
  },
  "execution_time": {
    "seconds": 3.254538176999631,
    "formatted": "3.25s"
  }
}