{
  "ba_val": -7.981605529785156,
  "DG": 1.398085601067578e-06,
  "contacts": {
    "CC": 4.0,
    "PP": 4.0,
    "AA": 8.0,
    "AC": 16.0,
    "AP": 11.0,
    "CP": 7.0
  },
  "contact_percentages": {
    "CC": 8.0,
    "PP": 8.0,
    "AA": 16.0,
    "AC": 32.0,
    "AP": 22.0,
    "CP": 14.0
  },
  "nis": {
    "aliphatic": 37.16475296020508,
    "charged": 34.09961700439453,
    "polar": 28.735633850097656
  },
  "execution_time": {
    "seconds": 6.9929182270007,
    "formatted": "6.99s"
  }
}