{
  "ba_val": -12.56498908996582,
  "DG": 6.076394942766683e-10,
  "contacts": {
    "CC": 16.0,
    "PP": 0.0,
    "AA": 35.0,
    "AC": 33.0,
    "AP": 15.0,
    "CP": 6.0
  },
  "contact_percentages": {
    "CC": 15.238095238095237,
    "PP": 0.0,
    "AA": 33.333333333333336,
    "AC": 31.428571428571427,
    "AP": 14.285714285714286,
    "CP": 5.714285714285714
  },
  "nis": {
    "aliphatic": 40.18404769897461,
    "charged": 29.601226806640625,
    "polar": 30.214723587036133
  },
  "execution_time": {
    "seconds": 19.129896806000033,
    "formatted": "19.13s"
  }
}