{
  "ba_val": -14.544567108154297,
  "DG": 2.1460279733820364e-11,
  "contacts": {
    "CC": 20.0,
    "PP": 7.0,
    "AA": 12.0,
    "AC": 37.0,
    "AP": 26.0,
    "CP": 17.0
  },
  "contact_percentages": {
    "CC": 16.80672268907563,
    "PP": 5.882352941176471,
    "AA": 10.084033613445378,
    "AC": 31.092436974789916,
    "AP": 21.84873949579832,
    "CP": 14.285714285714286
  },
  "nis": {
    "aliphatic": 38.84297561645508,
    "charged": 30.853994369506836,
    "polar": 30.303030014038086
  },
  "execution_time": {
    "seconds": 9.805874263000078,
    "formatted": "9.81s"
  }
}