{
  "ba_val": -9.332328796386719,
  "DG": 1.4281879145983112e-07,
  "contacts": {
    "CC": 3.0,
    "PP": 7.0,
    "AA": 18.0,
    "AC": 9.0,
    "AP": 21.0,
    "CP": 9.0
  },
  "contact_percentages": {
    "CC": 4.477611940298507,
    "PP": 10.447761194029852,
    "AA": 26.865671641791046,
    "AC": 13.432835820895523,
    "AP": 31.34328358208955,
    "CP": 13.432835820895523
  },
  "nis": {
    "aliphatic": 34.93975830078125,
    "charged": 33.73493957519531,
    "polar": 31.325302124023438
  },
  "execution_time": {
    "seconds": 11.26046948200019,
    "formatted": "11.26s"
  }
}