{
  "ba_val": -12.836173057556152,
  "DG": 3.843563523009408e-10,
  "contacts": {
    "CC": 13.0,
    "PP": 4.0,
    "AA": 12.0,
    "AC": 18.0,
    "AP": 20.0,
    "CP": 16.0
  },
  "contact_percentages": {
    "CC": 15.662650602409638,
    "PP": 4.819277108433735,
    "AA": 14.457831325301205,
    "AC": 21.686746987951807,
    "AP": 24.096385542168676,
    "CP": 19.27710843373494
  },
  "nis": {
    "aliphatic": 34.968017578125,
    "charged": 24.307037353515625,
    "polar": 40.72494888305664
  },
  "execution_time": {
    "seconds": 12.58030410200081,
    "formatted": "12.58s"
  }
}