{
  "ba_val": -11.623675346374512,
  "DG": 2.979166469074812e-09,
  "contacts": {
    "CC": 11.0,
    "PP": 4.0,
    "AA": 25.0,
    "AC": 34.0,
    "AP": 15.0,
    "CP": 19.0
  },
  "contact_percentages": {
    "CC": 10.185185185185185,
    "PP": 3.7037037037037037,
    "AA": 23.14814814814815,
    "AC": 31.48148148148148,
    "AP": 13.88888888888889,
    "CP": 17.59259259259259
  },
  "nis": {
    "aliphatic": 41.034481048583984,
    "charged": 26.89655113220215,
    "polar": 32.068965911865234
  },
  "execution_time": {
    "seconds": 7.571769368998503,
    "formatted": "7.57s"
  }
}