{
  "ba_val": -9.54953384399414,
  "DG": 9.896156427657843e-08,
  "contacts": {
    "CC": 2.0,
    "PP": 0.0,
    "AA": 20.0,
    "AC": 20.0,
    "AP": 10.0,
    "CP": 5.0
  },
  "contact_percentages": {
    "CC": 3.508771929824561,
    "PP": 0.0,
    "AA": 35.08771929824562,
    "AC": 35.08771929824562,
    "AP": 17.54385964912281,
    "CP": 8.771929824561404
  },
  "nis": {
    "aliphatic": 33.93829345703125,
    "charged": 32.667877197265625,
    "polar": 33.393829345703125
  },
  "execution_time": {
    "seconds": 18.09330698099984,
    "formatted": "18.09s"
  }
}