{
  "ba_val": -8.336393356323242,
  "DG": 7.678891620344075e-07,
  "contacts": {
    "CC": 9.0,
    "PP": 3.0,
    "AA": 11.0,
    "AC": 9.0,
    "AP": 9.0,
    "CP": 8.0
  },
  "contact_percentages": {
    "CC": 18.367346938775512,
    "PP": 6.122448979591836,
    "AA": 22.448979591836736,
    "AC": 18.367346938775512,
    "AP": 18.367346938775512,
    "CP": 16.3265306122449
  },
  "nis": {
    "aliphatic": 29.47368621826172,
    "charged": 38.42105484008789,
    "polar": 32.105262756347656
  },
  "execution_time": {
    "seconds": 4.334978761000457,
    "formatted": "4.33s"
  }
}