{
  "ba_val": -8.277786254882812,
  "DG": 8.477868504996877e-07,
  "contacts": {
    "CC": 3.0,
    "PP": 6.0,
    "AA": 11.0,
    "AC": 10.0,
    "AP": 15.0,
    "CP": 11.0
  },
  "contact_percentages": {
    "CC": 5.357142857142857,
    "PP": 10.714285714285714,
    "AA": 19.642857142857142,
    "AC": 17.857142857142858,
    "AP": 26.785714285714285,
    "CP": 19.642857142857142
  },
  "nis": {
    "aliphatic": 36.69064712524414,
    "charged": 31.29496192932129,
    "polar": 32.01438903808594
  },
  "execution_time": {
    "seconds": 6.2314719229998445,
    "formatted": "6.23s"
  }
}