{
  "ba_val": -11.2708740234375,
  "DG": 5.405955239012883e-09,
  "contacts": {
    "CC": 24.0,
    "PP": 7.0,
    "AA": 3.0,
    "AC": 24.0,
    "AP": 15.0,
    "CP": 18.0
  },
  "contact_percentages": {
    "CC": 26.373626373626372,
    "PP": 7.6923076923076925,
    "AA": 3.2967032967032965,
    "AC": 26.373626373626372,
    "AP": 16.483516483516482,
    "CP": 19.78021978021978
  },
  "nis": {
    "aliphatic": 34.8684196472168,
    "charged": 35.19736862182617,
    "polar": 29.9342098236084
  },
  "execution_time": {
    "seconds": 7.358307260999936,
    "formatted": "7.36s"
  }
}