{
  "ba_val": -8.692230224609375,
  "DG": 4.2101180497411406e-07,
  "contacts": {
    "CC": 5.0,
    "PP": 2.0,
    "AA": 12.0,
    "AC": 18.0,
    "AP": 12.0,
    "CP": 4.0
  },
  "contact_percentages": {
    "CC": 9.433962264150944,
    "PP": 3.7735849056603774,
    "AA": 22.641509433962263,
    "AC": 33.9622641509434,
    "AP": 22.641509433962263,
    "CP": 7.547169811320755
  },
  "nis": {
    "aliphatic": 38.721805572509766,
    "charged": 33.458648681640625,
    "polar": 27.819549560546875
  },
  "execution_time": {
    "seconds": 5.1101849019996735,
    "formatted": "5.11s"
  }
}