{
  "ba_val": -11.211716651916504,
  "DG": 5.97398264190474e-09,
  "contacts": {
    "CC": 9.0,
    "PP": 3.0,
    "AA": 28.0,
    "AC": 13.0,
    "AP": 25.0,
    "CP": 9.0
  },
  "contact_percentages": {
    "CC": 10.344827586206897,
    "PP": 3.4482758620689653,
    "AA": 32.18390804597701,
    "AC": 14.942528735632184,
    "AP": 28.735632183908045,
    "CP": 10.344827586206897
  },
  "nis": {
    "aliphatic": 40.75342559814453,
    "charged": 31.50684928894043,
    "polar": 27.73972511291504
  },
  "execution_time": {
    "seconds": 7.495087538998632,
    "formatted": "7.50s"
  }
}