{
  "ba_val": -5.858506202697754,
  "DG": 5.044477802584879e-05,
  "contacts": {
    "CC": 3.0,
    "PP": 3.0,
    "AA": 18.0,
    "AC": 6.0,
    "AP": 6.0,
    "CP": 4.0
  },
  "contact_percentages": {
    "CC": 7.5,
    "PP": 7.5,
    "AA": 45.0,
    "AC": 15.0,
    "AP": 15.0,
    "CP": 10.0
  },
  "nis": {
    "aliphatic": 39.344261169433594,
    "charged": 31.80327796936035,
    "polar": 28.852458953857422
  },
  "execution_time": {
    "seconds": 20.392183739000757,
    "formatted": "20.39s"
  }
}