{
  "ba_val": -11.289030075073242,
  "DG": 5.2427004959554324e-09,
  "contacts": {
    "CC": 13.0,
    "PP": 3.0,
    "AA": 6.0,
    "AC": 17.0,
    "AP": 19.0,
    "CP": 6.0
  },
  "contact_percentages": {
    "CC": 20.3125,
    "PP": 4.6875,
    "AA": 9.375,
    "AC": 26.5625,
    "AP": 29.6875,
    "CP": 9.375
  },
  "nis": {
    "aliphatic": 35.344825744628906,
    "charged": 34.05172348022461,
    "polar": 30.60344886779785
  },
  "execution_time": {
    "seconds": 6.4552635780000855,
    "formatted": "6.46s"
  }
}