{
  "ba_val": -12.143081665039062,
  "DG": 1.2391188075611126e-09,
  "contacts": {
    "CC": 10.0,
    "PP": 5.0,
    "AA": 19.0,
    "AC": 37.0,
    "AP": 17.0,
    "CP": 21.0
  },
  "contact_percentages": {
    "CC": 9.174311926605505,
    "PP": 4.587155963302752,
    "AA": 17.431192660550458,
    "AC": 33.944954128440365,
    "AP": 15.596330275229358,
    "CP": 19.26605504587156
  },
  "nis": {
    "aliphatic": 43.46666717529297,
    "charged": 23.19999885559082,
    "polar": 33.33333206176758
  },
  "execution_time": {
    "seconds": 9.700384630001281,
    "formatted": "9.70s"
  }
}