{
  "ba_val": -6.229856491088867,
  "DG": 2.6942161639453843e-05,
  "contacts": {
    "CC": 3.0,
    "PP": 0.0,
    "AA": 15.0,
    "AC": 13.0,
    "AP": 2.0,
    "CP": 3.0
  },
  "contact_percentages": {
    "CC": 8.333333333333334,
    "PP": 0.0,
    "AA": 41.666666666666664,
    "AC": 36.111111111111114,
    "AP": 5.555555555555555,
    "CP": 8.333333333333334
  },
  "nis": {
    "aliphatic": 34.78260803222656,
    "charged": 38.043479919433594,
    "polar": 27.173913955688477
  },
  "execution_time": {
    "seconds": 2.3661526770010823,
    "formatted": "2.37s"
  }
}