{
  "ba_val": -8.082154273986816,
  "DG": 1.179728087663534e-06,
  "contacts": {
    "CC": 8.0,
    "PP": 2.0,
    "AA": 8.0,
    "AC": 5.0,
    "AP": 10.0,
    "CP": 6.0
  },
  "contact_percentages": {
    "CC": 20.512820512820515,
    "PP": 5.128205128205129,
    "AA": 20.512820512820515,
    "AC": 12.820512820512821,
    "AP": 25.641025641025642,
    "CP": 15.384615384615385
  },
  "nis": {
    "aliphatic": 34.90565872192383,
    "charged": 32.38993453979492,
    "polar": 32.704402923583984
  },
  "execution_time": {
    "seconds": 5.931814004999978,
    "formatted": "5.93s"
  }
}