{
  "ba_val": -10.982933044433594,
  "DG": 8.79175221513151e-09,
  "contacts": {
    "CC": 0.0,
    "PP": 9.0,
    "AA": 12.0,
    "AC": 8.0,
    "AP": 25.0,
    "CP": 5.0
  },
  "contact_percentages": {
    "CC": 0.0,
    "PP": 15.254237288135593,
    "AA": 20.338983050847457,
    "AC": 13.559322033898304,
    "AP": 42.3728813559322,
    "CP": 8.474576271186441
  },
  "nis": {
    "aliphatic": 37.832698822021484,
    "charged": 18.821292877197266,
    "polar": 43.34600830078125
  },
  "execution_time": {
    "seconds": 15.561780485999407,
    "formatted": "15.56s"
  }
}