{
  "ba_val": -9.337201118469238,
  "DG": 1.4164832862206822e-07,
  "contacts": {
    "CC": 4.0,
    "PP": 7.0,
    "AA": 12.0,
    "AC": 6.0,
    "AP": 15.0,
    "CP": 7.0
  },
  "contact_percentages": {
    "CC": 7.8431372549019605,
    "PP": 13.72549019607843,
    "AA": 23.529411764705884,
    "AC": 11.764705882352942,
    "AP": 29.41176470588235,
    "CP": 13.72549019607843
  },
  "nis": {
    "aliphatic": 29.761905670166016,
    "charged": 29.365081787109375,
    "polar": 40.873016357421875
  },
  "execution_time": {
    "seconds": 3.4667134060000535,
    "formatted": "3.47s"
  }
}