{
  "ba_val": -13.129663467407227,
  "DG": 2.341314364606717e-10,
  "contacts": {
    "CC": 3.0,
    "PP": 2.0,
    "AA": 20.0,
    "AC": 15.0,
    "AP": 20.0,
    "CP": 5.0
  },
  "contact_percentages": {
    "CC": 4.615384615384615,
    "PP": 3.076923076923077,
    "AA": 30.76923076923077,
    "AC": 23.076923076923077,
    "AP": 30.76923076923077,
    "CP": 7.6923076923076925
  },
  "nis": {
    "aliphatic": 36.046512603759766,
    "charged": 14.534883499145508,
    "polar": 49.41860580444336
  },
  "execution_time": {
    "seconds": 3.477678023999033,
    "formatted": "3.48s"
  }
}