{
  "ba_val": -10.103620529174805,
  "DG": 3.881923049675606e-08,
  "contacts": {
    "CC": 0.0,
    "PP": 5.0,
    "AA": 19.0,
    "AC": 16.0,
    "AP": 10.0,
    "CP": 3.0
  },
  "contact_percentages": {
    "CC": 0.0,
    "PP": 9.433962264150944,
    "AA": 35.84905660377358,
    "AC": 30.18867924528302,
    "AP": 18.867924528301888,
    "CP": 5.660377358490566
  },
  "nis": {
    "aliphatic": 31.674209594726562,
    "charged": 20.36199188232422,
    "polar": 47.963802337646484
  },
  "execution_time": {
    "seconds": 4.654157000999476,
    "formatted": "4.65s"
  }
}