{
  "ba_val": -11.779709815979004,
  "DG": 2.2889903306122505e-09,
  "contacts": {
    "CC": 7.0,
    "PP": 12.0,
    "AA": 23.0,
    "AC": 18.0,
    "AP": 25.0,
    "CP": 9.0
  },
  "contact_percentages": {
    "CC": 7.446808510638298,
    "PP": 12.76595744680851,
    "AA": 24.46808510638298,
    "AC": 19.148936170212767,
    "AP": 26.595744680851062,
    "CP": 9.574468085106384
  },
  "nis": {
    "aliphatic": 34.80519485473633,
    "charged": 24.9350643157959,
    "polar": 40.25973892211914
  }
}