{
  "ba_val": -9.025167465209961,
  "DG": 2.399310687906109e-07,
  "contacts": {
    "CC": 5.0,
    "PP": 0.0,
    "AA": 21.0,
    "AC": 11.0,
    "AP": 12.0,
    "CP": 7.0
  },
  "contact_percentages": {
    "CC": 8.928571428571429,
    "PP": 0.0,
    "AA": 37.5,
    "AC": 19.642857142857142,
    "AP": 21.428571428571427,
    "CP": 12.5
  },
  "nis": {
    "aliphatic": 41.17647171020508,
    "charged": 25.490196228027344,
    "polar": 33.333335876464844
  }
}