{
  "ba_val": -10.954523086547852,
  "DG": 9.223892760701347e-09,
  "contacts": {
    "CC": 4.0,
    "PP": 4.0,
    "AA": 13.0,
    "AC": 11.0,
    "AP": 24.0,
    "CP": 12.0
  },
  "contact_percentages": {
    "CC": 5.882352941176471,
    "PP": 5.882352941176471,
    "AA": 19.11764705882353,
    "AC": 16.176470588235293,
    "AP": 35.294117647058826,
    "CP": 17.647058823529413
  },
  "nis": {
    "aliphatic": 29.090909957885742,
    "charged": 41.21212387084961,
    "polar": 29.696971893310547
  }
}