{
  "ba_val": -8.258540153503418,
  "DG": 8.757977525419847e-07,
  "contacts": {
    "CC": 9.0,
    "PP": 3.0,
    "AA": 12.0,
    "AC": 15.0,
    "AP": 9.0,
    "CP": 10.0
  },
  "contact_percentages": {
    "CC": 15.517241379310345,
    "PP": 5.172413793103448,
    "AA": 20.689655172413794,
    "AC": 25.862068965517242,
    "AP": 15.517241379310345,
    "CP": 17.24137931034483
  },
  "nis": {
    "aliphatic": 36.949153900146484,
    "charged": 33.2203369140625,
    "polar": 29.830507278442383
  }
}