{
  "structure": "1ACB",
  "selection": "A:B",
  "temp": 25.0,
  "ICs": 72,
  "nis_a": 38.497652582159624,
  "nis_c": 18.779342723004696,
  "nis_p": 42.72300469483568,
  "ba_val": -11.867636291079812,
  "kd_val": 1.9731060662205486e-09,
  "AA": 25,
  "PP": 4,
  "CC": 3,
  "AP": 19,
  "CP": 2,
  "AC": 19,
  "execution_time": {
    "seconds": 0.10914166696602479,
    "formatted": "109.14ms"
  }
}