{
  "structure": "1ATN",
  "selection": "A:B",
  "temp": 25.0,
  "ICs": 84,
  "nis_a": 34.94252873563219,
  "nis_c": 28.735632183908045,
  "nis_p": 36.32183908045977,
  "ba_val": -10.91757540229885,
  "kd_val": 9.817822096978167e-09,
  "AA": 28,
  "PP": 4,
  "CC": 9,
  "AP": 15,
  "CP": 8,
  "AC": 20,
  "execution_time": {
    "seconds": 0.28006795898545533,
    "formatted": "280.07ms"
  }
}