{
  "structure": "1BJ1",
  "selection": "A:B",
  "temp": 25.0,
  "ICs": 80,
  "nis_a": 35.684647302904565,
  "nis_c": 22.61410788381743,
  "nis_p": 41.70124481327801,
  "ba_val": -12.156512738589212,
  "kd_val": 1.2113260535074528e-09,
  "AA": 19,
  "PP": 7,
  "CC": 3,
  "AP": 22,
  "CP": 8,
  "AC": 21,
  "execution_time": {
    "seconds": 0.2614639999810606,
    "formatted": "261.46ms"
  }
}