{
  "structure": "1E6E",
  "selection": "A:B",
  "temp": 25.0,
  "ICs": 77,
  "nis_a": 42.7536231884058,
  "nis_c": 31.159420289855074,
  "nis_p": 26.08695652173913,
  "ba_val": -8.572149710144927,
  "kd_val": 5.156710126567937e-07,
  "AA": 11,
  "PP": 5,
  "CC": 18,
  "AP": 11,
  "CP": 15,
  "AC": 17,
  "execution_time": {
    "seconds": 0.2270360420225188,
    "formatted": "227.04ms"
  }
}