{
  "structure": "1GCQ",
  "selection": "A:B",
  "temp": 25.0,
  "ICs": 56,
  "nis_a": 41.1764705882353,
  "nis_c": 25.49019607843137,
  "nis_p": 33.333333333333336,
  "ba_val": -9.025167450980392,
  "kd_val": 2.399311080310924e-07,
  "AA": 21,
  "PP": 0,
  "CC": 5,
  "AP": 12,
  "CP": 7,
  "AC": 11,
  "execution_time": {
    "seconds": 0.06693074997747317,
    "formatted": "66.93ms"
  }
}