{
  "structure": "1HE8",
  "selection": "A:B",
  "temp": 25.0,
  "ICs": 48,
  "nis_a": 33.333333333333336,
  "nis_c": 33.484848484848484,
  "nis_p": 33.18181818181818,
  "ba_val": -7.284012424242423,
  "kd_val": 4.541661128131219e-06,
  "AA": 6,
  "PP": 5,
  "CC": 8,
  "AP": 8,
  "CP": 15,
  "AC": 6,
  "execution_time": {
    "seconds": 0.4275914590107277,
    "formatted": "427.59ms"
  }
}