{
  "structure": "1I2M",
  "selection": "A:B",
  "temp": 25.0,
  "ICs": 119,
  "nis_a": 38.63013698630137,
  "nis_c": 30.958904109589042,
  "nis_p": 30.410958904109588,
  "ba_val": -14.569839452054794,
  "kd_val": 2.056356702015289e-11,
  "AA": 12,
  "PP": 7,
  "CC": 20,
  "AP": 26,
  "CP": 17,
  "AC": 37,
  "execution_time": {
    "seconds": 0.2276109170052223,
    "formatted": "227.61ms"
  }
}