{
  "structure": "1I4D",
  "selection": "A:B",
  "temp": 25.0,
  "ICs": 67,
  "nis_a": 35.09615384615385,
  "nis_c": 33.65384615384615,
  "nis_p": 31.25,
  "ba_val": -9.314311346153847,
  "kd_val": 1.4723159420840262e-07,
  "AA": 18,
  "PP": 7,
  "CC": 3,
  "AP": 21,
  "CP": 9,
  "AC": 9,
  "execution_time": {
    "seconds": 0.24563808302627876,
    "formatted": "245.64ms"
  }
}