{
  "structure": "1JTG",
  "selection": "A:B",
  "temp": 25.0,
  "ICs": 108,
  "nis_a": 40.83044982698962,
  "nis_c": 26.98961937716263,
  "nis_p": 32.17993079584775,
  "ba_val": -11.64893723183391,
  "kd_val": 2.8547301092879456e-09,
  "AA": 25,
  "PP": 4,
  "CC": 11,
  "AP": 15,
  "CP": 19,
  "AC": 34,
  "execution_time": {
    "seconds": 0.18073820800054818,
    "formatted": "180.74ms"
  }
}