{
  "structure": "1QA9",
  "selection": "A:B",
  "temp": 25.0,
  "ICs": 50,
  "nis_a": 25.78616352201258,
  "nis_c": 38.9937106918239,
  "nis_p": 35.22012578616352,
  "ba_val": -9.58194534591195,
  "kd_val": 9.368991956972746e-08,
  "AA": 3,
  "PP": 0,
  "CC": 21,
  "AP": 2,
  "CP": 10,
  "AC": 14,
  "execution_time": {
    "seconds": 0.11473149998346344,
    "formatted": "114.73ms"
  }
}