{
  "structure": "1VFB",
  "selection": "A:B",
  "temp": 25.0,
  "ICs": 60,
  "nis_a": 31.764705882352942,
  "nis_c": 22.352941176470587,
  "nis_p": 45.88235294117647,
  "ba_val": -11.472894117647058,
  "kd_val": 3.843189200677049e-09,
  "AA": 14,
  "PP": 3,
  "CC": 2,
  "AP": 13,
  "CP": 8,
  "AC": 20,
  "execution_time": {
    "seconds": 0.15189970802748576,
    "formatted": "151.90ms"
  }
}