{
  "structure": "1Z0K",
  "selection": "A:B",
  "temp": 25.0,
  "ICs": 76,
  "nis_a": 30.434782608695652,
  "nis_c": 34.78260869565217,
  "nis_p": 34.78260869565217,
  "ba_val": -11.697600000000001,
  "kd_val": 2.629487847339075e-09,
  "AA": 27,
  "PP": 2,
  "CC": 5,
  "AP": 21,
  "CP": 7,
  "AC": 14,
  "execution_time": {
    "seconds": 0.10420645802514628,
    "formatted": "104.21ms"
  }
}