{
  "structure": "1ZHI",
  "selection": "A:B",
  "temp": 25.0,
  "ICs": 53,
  "nis_a": 38.25757575757576,
  "nis_c": 33.71212121212121,
  "nis_p": 28.03030303030303,
  "ba_val": -8.743948333333334,
  "kd_val": 3.8579742224837626e-07,
  "AA": 12,
  "PP": 2,
  "CC": 5,
  "AP": 12,
  "CP": 4,
  "AC": 18,
  "execution_time": {
    "seconds": 0.13817229197593406,
    "formatted": "138.17ms"
  }
}