{
  "structure": "2PCB",
  "selection": "A:B",
  "temp": 25.0,
  "ICs": 33,
  "nis_a": 35.369774919614144,
  "nis_c": 33.762057877813504,
  "nis_p": 30.868167202572348,
  "ba_val": -7.413972154340836,
  "kd_val": 3.6466152153213243e-06,
  "AA": 1,
  "PP": 3,
  "CC": 11,
  "AP": 7,
  "CP": 4,
  "AC": 7,
  "execution_time": {
    "seconds": 0.23456075001740828,
    "formatted": "234.56ms"
  }
}