{
  "structure": "3SGB",
  "selection": "A:B",
  "temp": 25.0,
  "ICs": 65,
  "nis_a": 36.04651162790697,
  "nis_c": 14.534883720930232,
  "nis_p": 49.41860465116279,
  "ba_val": -13.129663720930234,
  "kd_val": 2.341315111120673e-10,
  "AA": 20,
  "PP": 2,
  "CC": 3,
  "AP": 20,
  "CP": 5,
  "AC": 15,
  "execution_time": {
    "seconds": 0.0819759169826284,
    "formatted": "81.98ms"
  }
}