{
  "structure": "4CPA",
  "selection": "A:B",
  "temp": 25.0,
  "ICs": 53,
  "nis_a": 31.67420814479638,
  "nis_c": 20.361990950226243,
  "nis_p": 47.963800904977376,
  "ba_val": -10.103620226244345,
  "kd_val": 3.8819242046694474e-08,
  "AA": 19,
  "PP": 5,
  "CC": 0,
  "AP": 10,
  "CP": 3,
  "AC": 16,
  "execution_time": {
    "seconds": 0.15591391699854285,
    "formatted": "155.91ms"
  }
}