{
  "ba_val": -9.14460563659668,
  "DG": 1.9610074275533407e-07,
  "contacts": {
    "CC": 6.0,
    "PP": 4.0,
    "AA": 22.0,
    "AC": 16.0,
    "AP": 14.0,
    "CP": 9.0
  },
  "contact_percentages": {
    "CC": 8.450704225352112,
    "PP": 5.633802816901408,
    "AA": 30.985915492957748,
    "AC": 22.535211267605632,
    "AP": 19.718309859154928,
    "CP": 12.67605633802817
  },
  "nis": {
    "aliphatic": 38.095237731933594,
    "charged": 30.71428680419922,
    "polar": 31.19047737121582
  }
}