{
    "structure": "2VIR",
    "selection": "A:B",
    "temp": 25.0,
    "ICs": 59,
    "nis_a": 38.02281368821293,
    "nis_c": 18.8212927756654,
    "nis_p": 43.155893536121674,
    "ba_val": -10.947417642585552,
    "kd_val": 9.335251656755014e-09,
    "AA": 12,
    "PP": 9,
    "CC": 0,
    "AP": 25,
    "CP": 5,
    "AC": 8
}