{
  "ba_val": -7.269492149353027,
  "DG": 4.654417807614664e-06,
  "contacts": {
    "CC": 8.0,
    "PP": 18.0,
    "AA": 2.0,
    "AC": 7.0,
    "AP": 18.0,
    "CP": 20.0
  },
  "contact_percentages": {
    "CC": 10.95890410958904,
    "PP": 24.65753424657534,
    "AA": 2.73972602739726,
    "AC": 9.58904109589041,
    "AP": 24.65753424657534,
    "CP": 27.397260273972602
  },
  "nis": {
    "aliphatic": 35.256412506103516,
    "charged": 29.700855255126953,
    "polar": 35.0427360534668
  },
  "execution_time": {
    "seconds": 12.75110494799992,
    "formatted": "12.75s"
  }
}