{
  "ba_val": -8.383428573608398,
  "DG": 7.092487521731528e-07,
  "contacts": {
    "CC": 12.0,
    "PP": 0.0,
    "AA": 17.0,
    "AC": 20.0,
    "AP": 5.0,
    "CP": 4.0
  },
  "contact_percentages": {
    "CC": 20.689655172413794,
    "PP": 0.0,
    "AA": 29.310344827586206,
    "AC": 34.48275862068966,
    "AP": 8.620689655172415,
    "CP": 6.896551724137931
  },
  "nis": {
    "aliphatic": 41.39194107055664,
    "charged": 29.670330047607422,
    "polar": 28.937728881835938
  },
  "execution_time": {
    "seconds": 6.068987740000011,
    "formatted": "6.07s"
  }
}