{
  "ba_val": -13.61295223236084,
  "DG": 1.0350712648099503e-10,
  "contacts": {
    "CC": 30.0,
    "PP": 12.0,
    "AA": 19.0,
    "AC": 25.0,
    "AP": 31.0,
    "CP": 19.0
  },
  "contact_percentages": {
    "CC": 22.058823529411764,
    "PP": 8.823529411764707,
    "AA": 13.970588235294118,
    "AC": 18.38235294117647,
    "AP": 22.794117647058822,
    "CP": 13.970588235294118
  },
  "nis": {
    "aliphatic": 43.87527847290039,
    "charged": 30.066816329956055,
    "polar": 26.057907104492188
  },
  "execution_time": {
    "seconds": 11.94780305599852,
    "formatted": "11.95s"
  }
}