{
  "ba_val": -8.472689628601074,
  "DG": 6.09994799560809e-07,
  "contacts": {
    "CC": 4.0,
    "PP": 8.0,
    "AA": 11.0,
    "AC": 9.0,
    "AP": 14.0,
    "CP": 4.0
  },
  "contact_percentages": {
    "CC": 8.0,
    "PP": 16.0,
    "AA": 22.0,
    "AC": 18.0,
    "AP": 28.0,
    "CP": 8.0
  },
  "nis": {
    "aliphatic": 35.60975646972656,
    "charged": 26.829267501831055,
    "polar": 37.56097412109375
  },
  "execution_time": {
    "seconds": 4.064045863000501,
    "formatted": "4.06s"
  }
}