{
  "ba_val": -7.295894622802734,
  "DG": 4.451427685125964e-06,
  "contacts": {
    "CC": 8.0,
    "PP": 5.0,
    "AA": 6.0,
    "AC": 6.0,
    "AP": 8.0,
    "CP": 15.0
  },
  "contact_percentages": {
    "CC": 16.666666666666668,
    "PP": 10.416666666666666,
    "AA": 12.5,
    "AC": 12.5,
    "AP": 16.666666666666668,
    "CP": 31.25
  },
  "nis": {
    "aliphatic": 33.23217010498047,
    "charged": 33.53565979003906,
    "polar": 33.23217010498047
  },
  "execution_time": {
    "seconds": 27.33094715900006,
    "formatted": "27.33s"
  }
}