{
  "ba_val": -6.935630798339844,
  "DG": 8.179951692000031e-06,
  "contacts": {
    "CC": 3.0,
    "PP": 1.0,
    "AA": 20.0,
    "AC": 12.0,
    "AP": 3.0,
    "CP": 4.0
  },
  "contact_percentages": {
    "CC": 6.976744186046512,
    "PP": 2.3255813953488373,
    "AA": 46.51162790697674,
    "AC": 27.906976744186046,
    "AP": 6.976744186046512,
    "CP": 9.30232558139535
  },
  "nis": {
    "aliphatic": 30.66666603088379,
    "charged": 38.0,
    "polar": 31.333332061767578
  },
  "execution_time": {
    "seconds": 3.164220081000167,
    "formatted": "3.16s"
  }
}