{
  "ba_val": -11.557868957519531,
  "DG": 3.3293756640517813e-09,
  "contacts": {
    "CC": 16.0,
    "PP": 6.0,
    "AA": 27.0,
    "AC": 24.0,
    "AP": 21.0,
    "CP": 15.0
  },
  "contact_percentages": {
    "CC": 14.678899082568808,
    "PP": 5.504587155963303,
    "AA": 24.770642201834864,
    "AC": 22.01834862385321,
    "AP": 19.26605504587156,
    "CP": 13.761467889908257
  },
  "nis": {
    "aliphatic": 33.472801208496094,
    "charged": 40.794979095458984,
    "polar": 25.73221778869629
  },
  "execution_time": {
    "seconds": 16.374209690000498,
    "formatted": "16.37s"
  }
}