{
  "ba_val": -10.546134948730469,
  "DG": 1.838505880868979e-08,
  "contacts": {
    "CC": 16.0,
    "PP": 2.0,
    "AA": 12.0,
    "AC": 24.0,
    "AP": 8.0,
    "CP": 24.0
  },
  "contact_percentages": {
    "CC": 18.6046511627907,
    "PP": 2.3255813953488373,
    "AA": 13.953488372093023,
    "AC": 27.906976744186046,
    "AP": 9.30232558139535,
    "CP": 27.906976744186046
  },
  "nis": {
    "aliphatic": 36.30769348144531,
    "charged": 28.615385055541992,
    "polar": 35.07692337036133
  },
  "execution_time": {
    "seconds": 9.80152515500049,
    "formatted": "9.80s"
  }
}