{
  "ba_val": -10.961725234985352,
  "DG": 9.112381071929576e-09,
  "contacts": {
    "CC": 5.0,
    "PP": 4.0,
    "AA": 11.0,
    "AC": 8.0,
    "AP": 21.0,
    "CP": 8.0
  },
  "contact_percentages": {
    "CC": 8.771929824561404,
    "PP": 7.017543859649122,
    "AA": 19.29824561403509,
    "AC": 14.035087719298245,
    "AP": 36.8421052631579,
    "CP": 14.035087719298245
  },
  "nis": {
    "aliphatic": 34.79729461669922,
    "charged": 27.02702522277832,
    "polar": 38.17567443847656
  },
  "execution_time": {
    "seconds": 6.8138556239991885,
    "formatted": "6.81s"
  }
}