{
  "ba_val": -9.645709037780762,
  "DG": 8.412450824835105e-08,
  "contacts": {
    "CC": 21.0,
    "PP": 0.0,
    "AA": 3.0,
    "AC": 14.0,
    "AP": 2.0,
    "CP": 10.0
  },
  "contact_percentages": {
    "CC": 42.0,
    "PP": 0.0,
    "AA": 6.0,
    "AC": 28.0,
    "AP": 4.0,
    "CP": 20.0
  },
  "nis": {
    "aliphatic": 25.625,
    "charged": 38.75,
    "polar": 35.625
  },
  "execution_time": {
    "seconds": 3.892437689999497,
    "formatted": "3.89s"
  }
}