{
  "ba_val": -11.399636268615723,
  "DG": 4.349369753242627e-09,
  "contacts": {
    "CC": 2.0,
    "PP": 3.0,
    "AA": 14.0,
    "AC": 20.0,
    "AP": 13.0,
    "CP": 8.0
  },
  "contact_percentages": {
    "CC": 3.3333333333333335,
    "PP": 5.0,
    "AA": 23.333333333333332,
    "AC": 33.333333333333336,
    "AP": 21.666666666666668,
    "CP": 13.333333333333334
  },
  "nis": {
    "aliphatic": 32.1568603515625,
    "charged": 22.35293960571289,
    "polar": 45.49019241333008
  },
  "execution_time": {
    "seconds": 5.196188629999597,
    "formatted": "5.20s"
  }
}