{
  "ba_val": -9.393694877624512,
  "DG": 1.2875781862931035e-07,
  "contacts": {
    "CC": 10.0,
    "PP": 2.0,
    "AA": 8.0,
    "AC": 18.0,
    "AP": 4.0,
    "CP": 9.0
  },
  "contact_percentages": {
    "CC": 19.607843137254903,
    "PP": 3.9215686274509802,
    "AA": 15.686274509803921,
    "AC": 35.294117647058826,
    "AP": 7.8431372549019605,
    "CP": 17.647058823529413
  },
  "nis": {
    "aliphatic": 34.624698638916016,
    "charged": 24.213075637817383,
    "polar": 41.162227630615234
  },
  "execution_time": {
    "seconds": 9.754345070999989,
    "formatted": "9.75s"
  }
}