{
  "ba_val": -7.357332229614258,
  "DG": 4.012684257759247e-06,
  "contacts": {
    "CC": 2.0,
    "PP": 6.0,
    "AA": 15.0,
    "AC": 7.0,
    "AP": 7.0,
    "CP": 7.0
  },
  "contact_percentages": {
    "CC": 4.545454545454546,
    "PP": 13.636363636363637,
    "AA": 34.09090909090909,
    "AC": 15.909090909090908,
    "AP": 15.909090909090908,
    "CP": 15.909090909090908
  },
  "nis": {
    "aliphatic": 31.10236167907715,
    "charged": 29.527559280395508,
    "polar": 39.370079040527344
  },
  "execution_time": {
    "seconds": 6.14656597100111,
    "formatted": "6.15s"
  }
}