{
  "ba_val": -12.035318374633789,
  "DG": 1.486471834510894e-09,
  "contacts": {
    "CC": 7.0,
    "PP": 2.0,
    "AA": 13.0,
    "AC": 17.0,
    "AP": 18.0,
    "CP": 7.0
  },
  "contact_percentages": {
    "CC": 10.9375,
    "PP": 3.125,
    "AA": 20.3125,
    "AC": 26.5625,
    "AP": 28.125,
    "CP": 10.9375
  },
  "nis": {
    "aliphatic": 31.843576431274414,
    "charged": 29.050281524658203,
    "polar": 39.10614776611328
  },
  "execution_time": {
    "seconds": 3.679323475000274,
    "formatted": "3.68s"
  }
}