{
  "ba_val": -7.413972854614258,
  "DG": 3.6466112760535907e-06,
  "contacts": {
    "CC": 11.0,
    "PP": 3.0,
    "AA": 1.0,
    "AC": 7.0,
    "AP": 7.0,
    "CP": 4.0
  },
  "contact_percentages": {
    "CC": 33.333333333333336,
    "PP": 9.090909090909092,
    "AA": 3.0303030303030303,
    "AC": 21.21212121212121,
    "AP": 21.21212121212121,
    "CP": 12.121212121212121
  },
  "nis": {
    "aliphatic": 35.369773864746094,
    "charged": 33.76205825805664,
    "polar": 30.868165969848633
  },
  "execution_time": {
    "seconds": 6.55132414199943,
    "formatted": "6.55s"
  }
}