{
  "ba_val": -10.962133407592773,
  "DG": 9.10609099236126e-09,
  "contacts": {
    "CC": 0.0,
    "PP": 7.0,
    "AA": 16.0,
    "AC": 8.0,
    "AP": 23.0,
    "CP": 5.0
  },
  "contact_percentages": {
    "CC": 0.0,
    "PP": 11.864406779661017,
    "AA": 27.11864406779661,
    "AC": 13.559322033898304,
    "AP": 38.983050847457626,
    "CP": 8.474576271186441
  },
  "nis": {
    "aliphatic": 37.931034088134766,
    "charged": 18.390806198120117,
    "polar": 43.67816162109375
  },
  "execution_time": {
    "seconds": 13.567336201000217,
    "formatted": "13.57s"
  }
}