{
  "ba_val": -11.915907859802246,
  "DG": 1.818625139371477e-09,
  "contacts": {
    "CC": 8.0,
    "PP": 2.0,
    "AA": 10.0,
    "AC": 12.0,
    "AP": 28.0,
    "CP": 14.0
  },
  "contact_percentages": {
    "CC": 10.81081081081081,
    "PP": 2.7027027027027026,
    "AA": 13.513513513513514,
    "AC": 16.216216216216218,
    "AP": 37.83783783783784,
    "CP": 18.91891891891892
  },
  "nis": {
    "aliphatic": 27.21088409423828,
    "charged": 49.65986251831055,
    "polar": 23.12925148010254
  },
  "execution_time": {
    "seconds": 3.084295409000333,
    "formatted": "3.08s"
  }
}