{
    "structure": "2FJU",
    "selection": "A:B",
    "temp": 25.0,
    "ICs": 40,
    "nis_a": 39.27986906710311,
    "nis_c": 31.751227495908346,
    "nis_p": 28.968903436988544,
    "ba_val": -5.877723142389527,
    "kd_val": 4.8833810018371854e-05,
    "AA": 18,
    "PP": 3,
    "CC": 3,
    "AP": 6,
    "CP": 4,
    "AC": 6
}