{
  "ba_val": -8.970166206359863,
  "DG": 2.6328714852752455e-07,
  "contacts": {
    "CC": 1.0,
    "PP": 6.0,
    "AA": 16.0,
    "AC": 11.0,
    "AP": 16.0,
    "CP": 4.0
  },
  "contact_percentages": {
    "CC": 1.8518518518518519,
    "PP": 11.11111111111111,
    "AA": 29.62962962962963,
    "AC": 20.37037037037037,
    "AP": 29.62962962962963,
    "CP": 7.407407407407407
  },
  "nis": {
    "aliphatic": 35.672515869140625,
    "charged": 28.654970169067383,
    "polar": 35.672515869140625
  }
}