{
  "ba_val": -7.253016471862793,
  "DG": 4.78575157103478e-06,
  "contacts": {
    "CC": 0.0,
    "PP": 1.0,
    "AA": 20.0,
    "AC": 14.0,
    "AP": 10.0,
    "CP": 4.0
  },
  "contact_percentages": {
    "CC": 0.0,
    "PP": 2.0408163265306123,
    "AA": 40.816326530612244,
    "AC": 28.571428571428573,
    "AP": 20.408163265306122,
    "CP": 8.16326530612245
  },
  "nis": {
    "aliphatic": 45.41484832763672,
    "charged": 26.637554168701172,
    "polar": 27.947599411010742
  }
}