{
    "structure": "1CBW",
    "selection": "A:B",
    "temp": 25.0,
    "ICs": 81,
    "nis_a": 39.705882352941174,
    "nis_c": 20.58823529411765,
    "nis_p": 39.705882352941174,
    "ba_val": -11.319658823529412,
    "kd_val": 4.978391627026027e-09,
    "AA": 28,
    "PP": 1,
    "CC": 3,
    "AP": 13,
    "CP": 10,
    "AC": 26
}