{
  "ba_val": -12.688762664794922,
  "DG": 4.930134078762194e-10,
  "contacts": {
    "CC": 2.0,
    "PP": 11.0,
    "AA": 15.0,
    "AC": 18.0,
    "AP": 25.0,
    "CP": 20.0
  },
  "contact_percentages": {
    "CC": 2.197802197802198,
    "PP": 12.087912087912088,
    "AA": 16.483516483516482,
    "AC": 19.78021978021978,
    "AP": 27.47252747252747,
    "CP": 21.978021978021978
  },
  "nis": {
    "aliphatic": 31.449630737304688,
    "charged": 20.884519577026367,
    "polar": 47.66584777832031
  }
}