{
    "structure": "2I25",
    "selection": "A:B",
    "temp": 25.0,
    "ICs": 64,
    "nis_a": 31.843575418994412,
    "nis_c": 29.050279329608937,
    "nis_p": 39.10614525139665,
    "ba_val": -12.03531810055866,
    "kd_val": 1.4864718720871074e-09,
    "AA": 13,
    "PP": 2,
    "CC": 7,
    "AP": 18,
    "CP": 7,
    "AC": 17
}