{
    "structure": "1XQS",
    "selection": "A:B",
    "temp": 25.0,
    "ICs": 91,
    "nis_a": 35.294117647058826,
    "nis_c": 34.967320261437905,
    "nis_p": 29.73856209150327,
    "ba_val": -11.223118954248367,
    "kd_val": 5.86003959087628e-09,
    "AA": 3,
    "PP": 7,
    "CC": 24,
    "AP": 15,
    "CP": 18,
    "AC": 24
}