{
    "structure": "1BVK",
    "selection": "A:B",
    "temp": 25.0,
    "ICs": 58,
    "nis_a": 33.59375,
    "nis_c": 22.65625,
    "nis_p": 43.75,
    "ba_val": -11.311663437500002,
    "kd_val": 5.046074192546081e-09,
    "AA": 14,
    "PP": 2,
    "CC": 2,
    "AP": 14,
    "CP": 8,
    "AC": 18
}