{
    "structure": "1EZU",
    "selection": "A:B",
    "temp": 25.0,
    "ICs": 127,
    "nis_a": 40.42553191489362,
    "nis_c": 28.98936170212766,
    "nis_p": 30.585106382978722,
    "ba_val": -13.134135531914893,
    "kd_val": 2.3236987159133328e-10,
    "AA": 42,
    "PP": 8,
    "CC": 7,
    "AP": 28,
    "CP": 9,
    "AC": 33
}