{
  "ba_val": -11.250177383422852,
  "DG": 5.598267627249243e-09,
  "contacts": {
    "CC": 1.0,
    "PP": 6.0,
    "AA": 31.0,
    "AC": 8.0,
    "AP": 21.0,
    "CP": 13.0
  },
  "contact_percentages": {
    "CC": 1.25,
    "PP": 7.5,
    "AA": 38.75,
    "AC": 10.0,
    "AP": 26.25,
    "CP": 16.25
  },
  "nis": {
    "aliphatic": 37.142860412597656,
    "charged": 16.19047737121582,
    "polar": 46.66666793823242
  }
}