{
    "structure": "1FSK",
    "selection": "A:B",
    "temp": 25.0,
    "ICs": 82,
    "nis_a": 35.80786026200873,
    "nis_c": 23.580786026200872,
    "nis_p": 40.61135371179039,
    "ba_val": -11.674537074235808,
    "kd_val": 2.733931974113773e-09,
    "AA": 25,
    "PP": 3,
    "CC": 7,
    "AP": 15,
    "CP": 10,
    "AC": 22
}