{
  "ba_val": -9.12324333190918,
  "DG": 2.0330513450517174e-07,
  "contacts": {
    "CC": 8.0,
    "PP": 3.0,
    "AA": 16.0,
    "AC": 21.0,
    "AP": 10.0,
    "CP": 12.0
  },
  "contact_percentages": {
    "CC": 11.428571428571429,
    "PP": 4.285714285714286,
    "AA": 22.857142857142858,
    "AC": 30.0,
    "AP": 14.285714285714286,
    "CP": 17.142857142857142
  },
  "nis": {
    "aliphatic": 39.39393997192383,
    "charged": 28.956228256225586,
    "polar": 31.649831771850586
  }
}