{
    "structure": "1PPE",
    "selection": "A:B",
    "temp": 25.0,
    "ICs": 87,
    "nis_a": 34.883720930232556,
    "nis_c": 18.023255813953487,
    "nis_p": 47.093023255813954,
    "ba_val": -14.746770465116281,
    "kd_val": 1.5251777887286025e-11,
    "AA": 24,
    "PP": 0,
    "CC": 5,
    "AP": 20,
    "CP": 10,
    "AC": 28
}