{
    "structure": "1EMV",
    "selection": "A:B",
    "temp": 25.0,
    "ICs": 68,
    "nis_a": 29.09090909090909,
    "nis_c": 41.21212121212121,
    "nis_p": 29.696969696969695,
    "ba_val": -10.954523333333334,
    "kd_val": 9.223888463387601e-09,
    "AA": 13,
    "PP": 4,
    "CC": 4,
    "AP": 24,
    "CP": 12,
    "AC": 11
}