{
  "ba_val": -12.003265380859375,
  "DG": 1.569158913916624e-09,
  "contacts": {
    "CC": 4.0,
    "PP": 4.0,
    "AA": 25.0,
    "AC": 18.0,
    "AP": 18.0,
    "CP": 2.0
  },
  "contact_percentages": {
    "CC": 5.633802816901408,
    "PP": 5.633802816901408,
    "AA": 35.2112676056338,
    "AC": 25.35211267605634,
    "AP": 25.35211267605634,
    "CP": 2.816901408450704
  },
  "nis": {
    "aliphatic": 34.615386962890625,
    "charged": 21.367523193359375,
    "polar": 44.01709747314453
  }
}