{
    "structure": "1P2C",
    "selection": "A:B",
    "temp": 25.0,
    "ICs": 75,
    "nis_a": 32.65822784810127,
    "nis_c": 22.27848101265823,
    "nis_p": 45.063291139240505,
    "ba_val": -11.382508227848101,
    "kd_val": 4.477023211058079e-09,
    "AA": 10,
    "PP": 13,
    "CC": 5,
    "AP": 22,
    "CP": 8,
    "AC": 17
}