{
  "ba_val": -11.35851001739502,
  "DG": 4.662207508943084e-09,
  "contacts": {
    "CC": 5.0,
    "PP": 13.0,
    "AA": 10.0,
    "AC": 17.0,
    "AP": 22.0,
    "CP": 8.0
  },
  "contact_percentages": {
    "CC": 6.666666666666667,
    "PP": 17.333333333333332,
    "AA": 13.333333333333334,
    "AC": 22.666666666666668,
    "AP": 29.333333333333332,
    "CP": 10.666666666666666
  },
  "nis": {
    "aliphatic": 32.82828140258789,
    "charged": 22.22222137451172,
    "polar": 44.949493408203125
  }
}