{
    "structure": "1JPS",
    "selection": "A:B",
    "temp": 25.0,
    "ICs": 83,
    "nis_a": 34.82905982905983,
    "nis_c": 24.358974358974358,
    "nis_p": 40.81196581196581,
    "ba_val": -12.854958974358976,
    "kd_val": 3.723525845321171e-10,
    "AA": 12,
    "PP": 4,
    "CC": 13,
    "AP": 20,
    "CP": 16,
    "AC": 18
}