{
    "structure": "1JWH",
    "selection": "A:B",
    "temp": 25.0,
    "ICs": 57,
    "nis_a": 34.177215189873415,
    "nis_c": 32.5497287522604,
    "nis_p": 33.273056057866185,
    "ba_val": -9.521216889692585,
    "kd_val": 1.0380944598303098e-07,
    "AA": 20,
    "PP": 0,
    "CC": 2,
    "AP": 10,
    "CP": 5,
    "AC": 20
}