{
    "structure": "2AQ3",
    "selection": "A:B",
    "temp": 25.0,
    "ICs": 44,
    "nis_a": 30.677290836653388,
    "nis_c": 29.8804780876494,
    "nis_p": 39.44223107569721,
    "ba_val": -7.3880012749004,
    "kd_val": 3.810126938124814e-06,
    "AA": 15,
    "PP": 6,
    "CC": 2,
    "AP": 7,
    "CP": 7,
    "AC": 7
}