{
  "ba_val": -14.746770858764648,
  "DG": 1.5251758189727127e-11,
  "contacts": {
    "CC": 5.0,
    "PP": 0.0,
    "AA": 24.0,
    "AC": 28.0,
    "AP": 20.0,
    "CP": 10.0
  },
  "contact_percentages": {
    "CC": 5.747126436781609,
    "PP": 0.0,
    "AA": 27.586206896551722,
    "AC": 32.18390804597701,
    "AP": 22.988505747126435,
    "CP": 11.494252873563218
  },
  "nis": {
    "aliphatic": 34.88372039794922,
    "charged": 18.023256301879883,
    "polar": 47.093021392822266
  }
}