{
  "ba_val": -9.356685638427734,
  "DG": 1.3706277002256684e-07,
  "contacts": {
    "CC": 3.0,
    "PP": 2.0,
    "AA": 21.0,
    "AC": 26.0,
    "AP": 5.0,
    "CP": 8.0
  },
  "contact_percentages": {
    "CC": 4.615384615384615,
    "PP": 3.076923076923077,
    "AA": 32.30769230769231,
    "AC": 40.0,
    "AP": 7.6923076923076925,
    "CP": 12.307692307692308
  },
  "nis": {
    "aliphatic": 36.04166793823242,
    "charged": 25.20833396911621,
    "polar": 38.750003814697266
  }
}