{
  "ba_val": -8.105260848999023,
  "DG": 1.1345756547598285e-06,
  "contacts": {
    "CC": 5.0,
    "PP": 0.0,
    "AA": 9.0,
    "AC": 13.0,
    "AP": 11.0,
    "CP": 8.0
  },
  "contact_percentages": {
    "CC": 10.869565217391305,
    "PP": 0.0,
    "AA": 19.565217391304348,
    "AC": 28.26086956521739,
    "AP": 23.91304347826087,
    "CP": 17.391304347826086
  },
  "nis": {
    "aliphatic": 39.0588264465332,
    "charged": 34.82353210449219,
    "polar": 26.11764907836914
  }
}