{
    "structure": "1DE4",
    "selection": "A:B",
    "temp": 25.0,
    "ICs": 67,
    "nis_a": 33.816863100634635,
    "nis_c": 31.00634632819583,
    "nis_p": 35.17679057116954,
    "ba_val": -8.930145376246601,
    "kd_val": 2.8169864489508226e-07,
    "AA": 9,
    "PP": 9,
    "CC": 5,
    "AP": 14,
    "CP": 13,
    "AC": 17
}