{
    "structure": "1B6C",
    "selection": "A:B",
    "temp": 25.0,
    "ICs": 68,
    "nis_a": 35.35031847133758,
    "nis_c": 33.12101910828026,
    "nis_p": 31.528662420382165,
    "ba_val": -9.432334267515923,
    "kd_val": 1.2062346920968977e-07,
    "AA": 21,
    "PP": 1,
    "CC": 6,
    "AP": 11,
    "CP": 11,
    "AC": 18
}