{
    "structure": "1J2J",
    "selection": "A:B",
    "temp": 25.0,
    "ICs": 43,
    "nis_a": 30.4635761589404,
    "nis_c": 37.74834437086093,
    "nis_p": 31.788079470198674,
    "ba_val": -7.008322980132451,
    "kd_val": 7.234882823892972e-06,
    "AA": 20,
    "PP": 1,
    "CC": 3,
    "AP": 3,
    "CP": 4,
    "AC": 12
}