{
    "structure": "1FC2",
    "selection": "A:B",
    "temp": 25.0,
    "ICs": 50,
    "nis_a": 35.609756097560975,
    "nis_c": 26.829268292682926,
    "nis_p": 37.5609756097561,
    "ba_val": -8.472689512195123,
    "kd_val": 6.099949753657916e-07,
    "AA": 11,
    "PP": 8,
    "CC": 4,
    "AP": 14,
    "CP": 4,
    "AC": 9
}