{
  "structure": "2MTA",
  "selection": "A:B",
  "temp": 25.0,
  "ICs": 64,
  "nis_a": 45.75471698113208,
  "nis_c": 29.71698113207547,
  "nis_p": 24.528301886792452,
  "ba_val": -7.779456226415094,
  "kd_val": 1.9670222455899264e-06,
  "AA": 24,
  "PP": 2,
  "CC": 3,
  "AP": 11,
  "CP": 3,
  "AC": 21,
  "execution_time": {
    "seconds": 0.24108004197478294,
    "formatted": "241.08ms"
  }
}