{
    "structure": "1KXQ",
    "selection": "A:B",
    "temp": 25.0,
    "ICs": 94,
    "nis_a": 34.5360824742268,
    "nis_c": 25.0,
    "nis_p": 40.4639175257732,
    "ba_val": -11.821014432989692,
    "kd_val": 2.1347514760235375e-09,
    "AA": 23,
    "PP": 12,
    "CC": 7,
    "AP": 25,
    "CP": 9,
    "AC": 18
}