{
    "structure": "2HQS",
    "selection": "A:B",
    "temp": 25.0,
    "ICs": 109,
    "nis_a": 43.88297872340426,
    "nis_c": 22.872340425531913,
    "nis_p": 33.244680851063826,
    "ba_val": -12.110560531914896,
    "kd_val": 1.3090817341532648e-09,
    "AA": 19,
    "PP": 5,
    "CC": 10,
    "AP": 17,
    "CP": 21,
    "AC": 37
}