{
    "structure": "2ABZ",
    "selection": "A:B",
    "temp": 25.0,
    "ICs": 71,
    "nis_a": 34.61538461538461,
    "nis_c": 21.367521367521366,
    "nis_p": 44.01709401709402,
    "ba_val": -12.0032652991453,
    "kd_val": 1.5691601088103826e-09,
    "AA": 25,
    "PP": 4,
    "CC": 4,
    "AP": 18,
    "CP": 2,
    "AC": 18
}