{
    "structure": "2WPT",
    "selection": "A:B",
    "temp": 25.0,
    "ICs": 74,
    "nis_a": 27.210884353741495,
    "nis_c": 49.65986394557823,
    "nis_p": 23.12925170068027,
    "ba_val": -11.915907482993198,
    "kd_val": 1.8186275393608193e-09,
    "AA": 10,
    "PP": 2,
    "CC": 8,
    "AP": 28,
    "CP": 14,
    "AC": 12
}