{
    "structure": "1WEJ",
    "selection": "A:B",
    "temp": 25.0,
    "ICs": 51,
    "nis_a": 34.46601941747573,
    "nis_c": 24.271844660194176,
    "nis_p": 41.262135922330096,
    "ba_val": -9.415221165048544,
    "kd_val": 1.2416070979341206e-07,
    "AA": 8,
    "PP": 2,
    "CC": 10,
    "AP": 4,
    "CP": 9,
    "AC": 18
}