{
    "structure": "2A9K",
    "selection": "A:B",
    "temp": 25.0,
    "ICs": 85,
    "nis_a": 31.954887218045112,
    "nis_c": 37.96992481203007,
    "nis_p": 30.075187969924812,
    "ba_val": -11.449840902255639,
    "kd_val": 3.995776414541681e-09,
    "AA": 14,
    "PP": 6,
    "CC": 4,
    "AP": 23,
    "CP": 15,
    "AC": 23
}