{
  "ba_val": -13.241792678833008,
  "DG": 1.937374566329808e-10,
  "contacts": {
    "CC": 3.0,
    "PP": 0.0,
    "AA": 33.0,
    "AC": 22.0,
    "AP": 23.0,
    "CP": 12.0
  },
  "contact_percentages": {
    "CC": 3.225806451612903,
    "PP": 0.0,
    "AA": 35.483870967741936,
    "AC": 23.655913978494624,
    "AP": 24.731182795698924,
    "CP": 12.903225806451612
  },
  "nis": {
    "aliphatic": 37.24928665161133,
    "charged": 24.928367614746094,
    "polar": 37.822349548339844
  }
}