{
  "ba_val": -8.706985473632812,
  "DG": 4.106496760414302e-07,
  "contacts": {
    "CC": 8.0,
    "PP": 1.0,
    "AA": 13.0,
    "AC": 14.0,
    "AP": 9.0,
    "CP": 11.0
  },
  "contact_percentages": {
    "CC": 14.285714285714286,
    "PP": 1.7857142857142858,
    "AA": 23.214285714285715,
    "AC": 25.0,
    "AP": 16.071428571428573,
    "CP": 19.642857142857142
  },
  "nis": {
    "aliphatic": 40.08620834350586,
    "charged": 27.15517234802246,
    "polar": 32.75862121582031
  }
}