{
  "ba_val": -12.256664276123047,
  "DG": 1.0228234925691027e-09,
  "contacts": {
    "CC": 4.0,
    "PP": 1.0,
    "AA": 20.0,
    "AC": 28.0,
    "AP": 14.0,
    "CP": 9.0
  },
  "contact_percentages": {
    "CC": 5.2631578947368425,
    "PP": 1.3157894736842106,
    "AA": 26.31578947368421,
    "AC": 36.8421052631579,
    "AP": 18.42105263157895,
    "CP": 11.842105263157896
  },
  "nis": {
    "aliphatic": 39.130435943603516,
    "charged": 18.357486724853516,
    "polar": 42.51207733154297
  }
}