{
    "structure": "1LFD",
    "selection": "A:B",
    "temp": 25.0,
    "ICs": 49,
    "nis_a": 29.319371727748692,
    "nis_c": 38.21989528795812,
    "nis_p": 32.460732984293195,
    "ba_val": -8.393000628272251,
    "kd_val": 6.978749986968077e-07,
    "AA": 11,
    "PP": 3,
    "CC": 9,
    "AP": 9,
    "CP": 8,
    "AC": 9
}