{
  "ba_val": -11.867635726928711,
  "DG": 1.9731090095120862e-09,
  "contacts": {
    "CC": 3.0,
    "PP": 4.0,
    "AA": 25.0,
    "AC": 19.0,
    "AP": 19.0,
    "CP": 2.0
  },
  "contact_percentages": {
    "CC": 4.166666666666667,
    "PP": 5.555555555555555,
    "AA": 34.72222222222222,
    "AC": 26.38888888888889,
    "AP": 26.38888888888889,
    "CP": 2.7777777777777777
  },
  "nis": {
    "aliphatic": 38.49765396118164,
    "charged": 18.779342651367188,
    "polar": 42.72300720214844
  }
}