{
    "structure": "1EER",
    "selection": "A:B",
    "temp": 25.0,
    "ICs": 136,
    "nis_a": 43.75,
    "nis_c": 30.133928571428573,
    "nis_p": 26.116071428571427,
    "ba_val": -13.627086964285715,
    "kd_val": 1.0106540092828203e-10,
    "AA": 19,
    "PP": 12,
    "CC": 30,
    "AP": 31,
    "CP": 19,
    "AC": 25
}