{
  "structure": "1BUH",
  "selection": "A:B",
  "temp": 25.0,
  "ICs": 58,
  "nis_a": 41.24087591240876,
  "nis_c": 29.927007299270073,
  "nis_p": 28.83211678832117,
  "ba_val": -8.376202262773724,
  "kd_val": 7.179581897629019e-07,
  "AA": 17,
  "PP": 0,
  "CC": 12,
  "AP": 5,
  "CP": 4,
  "AC": 20,
  "execution_time": {
    "seconds": 0.15794000000460073,
    "formatted": "157.94ms"
  }
}