{
  "structure": "1BVN",
  "selection": "A:B",
  "temp": 25.0,
  "ICs": 93,
  "nis_a": 36.7816091954023,
  "nis_c": 25.0,
  "nis_p": 38.2183908045977,
  "ba_val": -13.319267586206896,
  "kd_val": 1.6997553543911832e-10,
  "AA": 33,
  "PP": 0,
  "CC": 3,
  "AP": 23,
  "CP": 12,
  "AC": 22,
  "execution_time": {
    "seconds": 0.24226191703928635,
    "formatted": "242.26ms"
  }
}