{
  "structure": "1E4K",
  "selection": "A:B",
  "temp": 25.0,
  "ICs": 65,
  "nis_a": 35.96673596673597,
  "nis_c": 25.155925155925157,
  "nis_p": 38.87733887733888,
  "ba_val": -9.377920790020791,
  "kd_val": 1.3223420786617534e-07,
  "AA": 21,
  "PP": 2,
  "CC": 3,
  "AP": 5,
  "CP": 8,
  "AC": 26,
  "execution_time": {
    "seconds": 0.2647703330148943,
    "formatted": "264.77ms"
  }
}