{
  "structure": "1FFW",
  "selection": "A:B",
  "temp": 25.0,
  "ICs": 42,
  "nis_a": 44.370860927152314,
  "nis_c": 33.77483443708609,
  "nis_p": 21.85430463576159,
  "ba_val": -5.706744834437089,
  "kd_val": 6.518269461262015e-05,
  "AA": 15,
  "PP": 0,
  "CC": 7,
  "AP": 2,
  "CP": 2,
  "AC": 16,
  "execution_time": {
    "seconds": 0.08619191701291129,
    "formatted": "86.19ms"
  }
}