{
  "structure": "1GLA",
  "selection": "A:B",
  "temp": 25.0,
  "ICs": 46,
  "nis_a": 38.8235294117647,
  "nis_c": 34.8235294117647,
  "nis_p": 26.352941176470587,
  "ba_val": -8.149217058823531,
  "kd_val": 1.053395895462426e-06,
  "AA": 9,
  "PP": 0,
  "CC": 5,
  "AP": 11,
  "CP": 8,
  "AC": 13,
  "execution_time": {
    "seconds": 0.28046258399263024,
    "formatted": "280.46ms"
  }
}