{
  "structure": "1KAC",
  "selection": "A:B",
  "temp": 25.0,
  "ICs": 57,
  "nis_a": 37.66233766233766,
  "nis_c": 19.48051948051948,
  "nis_p": 42.857142857142854,
  "ba_val": -11.869618961038961,
  "kd_val": 1.966509975000943e-09,
  "AA": 12,
  "PP": 2,
  "CC": 7,
  "AP": 18,
  "CP": 5,
  "AC": 13,
  "execution_time": {
    "seconds": 0.11339150002459064,
    "formatted": "113.39ms"
  }
}