{
  "structure": "1MLC",
  "selection": "A:B",
  "temp": 25.0,
  "ICs": 67,
  "nis_a": 33.00970873786408,
  "nis_c": 21.359223300970875,
  "nis_p": 45.63106796116505,
  "ba_val": -10.336817572815534,
  "kd_val": 2.6181710064082902e-08,
  "AA": 8,
  "PP": 13,
  "CC": 5,
  "AP": 18,
  "CP": 8,
  "AC": 15,
  "execution_time": {
    "seconds": 0.24868937500286847,
    "formatted": "248.69ms"
  }
}