{
  "structure": "1MQ8",
  "selection": "A:B",
  "temp": 25.0,
  "ICs": 56,
  "nis_a": 37.142857142857146,
  "nis_c": 31.071428571428573,
  "nis_p": 31.785714285714285,
  "ba_val": -8.22417857142857,
  "kd_val": 9.281277156633988e-07,
  "AA": 11,
  "PP": 6,
  "CC": 3,
  "AP": 15,
  "CP": 11,
  "AC": 10,
  "execution_time": {
    "seconds": 0.15007933299057186,
    "formatted": "150.08ms"
  }
}