{
  "structure": "1R0R",
  "selection": "A:B",
  "temp": 25.0,
  "ICs": 80,
  "nis_a": 37.142857142857146,
  "nis_c": 16.19047619047619,
  "nis_p": 46.666666666666664,
  "ba_val": -11.250178095238095,
  "kd_val": 5.5982567293101224e-09,
  "AA": 31,
  "PP": 6,
  "CC": 1,
  "AP": 21,
  "CP": 13,
  "AC": 8,
  "execution_time": {
    "seconds": 0.13434591697296128,
    "formatted": "134.35ms"
  }
}