{
  "structure": "1S1Q",
  "selection": "A:B",
  "temp": 25.0,
  "ICs": 54,
  "nis_a": 35.67251461988304,
  "nis_c": 28.65497076023392,
  "nis_p": 35.67251461988304,
  "ba_val": -8.970166081871346,
  "kd_val": 2.632872195483617e-07,
  "AA": 16,
  "PP": 6,
  "CC": 1,
  "AP": 16,
  "CP": 4,
  "AC": 11,
  "execution_time": {
    "seconds": 0.09246083401376382,
    "formatted": "92.46ms"
  }
}