{
  "structure": "1XU1",
  "selection": "A:B",
  "temp": 25.0,
  "ICs": 70,
  "nis_a": 39.189189189189186,
  "nis_c": 29.054054054054053,
  "nis_p": 31.756756756756758,
  "ba_val": -9.147982702702704,
  "kd_val": 1.9498545243036666e-07,
  "AA": 16,
  "PP": 3,
  "CC": 8,
  "AP": 10,
  "CP": 12,
  "AC": 21,
  "execution_time": {
    "seconds": 0.18950787500943989,
    "formatted": "189.51ms"
  }
}