{
  "structure": "2AJF",
  "selection": "A:B",
  "temp": 25.0,
  "ICs": 61,
  "nis_a": 35.96491228070175,
  "nis_c": 26.31578947368421,
  "nis_p": 37.719298245614034,
  "ba_val": -10.814974210526316,
  "kd_val": 1.1675422338896538e-08,
  "AA": 10,
  "PP": 5,
  "CC": 1,
  "AP": 19,
  "CP": 8,
  "AC": 18,
  "execution_time": {
    "seconds": 0.3468731670291163,
    "formatted": "346.87ms"
  }
}