{
  "structure": "2GOX",
  "selection": "A:B",
  "temp": 25.0,
  "ICs": 64,
  "nis_a": 35.622317596566525,
  "nis_c": 33.90557939914163,
  "nis_p": 30.472103004291846,
  "ba_val": -11.257374334763949,
  "kd_val": 5.530627471224605e-09,
  "AA": 6,
  "PP": 3,
  "CC": 13,
  "AP": 19,
  "CP": 6,
  "AC": 17,
  "execution_time": {
    "seconds": 0.16232124995440245,
    "formatted": "162.32ms"
  }
}