{
  "structure": "3BZD",
  "selection": "A:B",
  "temp": 25.0,
  "ICs": 51,
  "nis_a": 29.48207171314741,
  "nis_c": 29.48207171314741,
  "nis_p": 41.03585657370518,
  "ba_val": -9.373320079681275,
  "kd_val": 1.3326570928841432e-07,
  "AA": 12,
  "PP": 7,
  "CC": 4,
  "AP": 15,
  "CP": 7,
  "AC": 6,
  "execution_time": {
    "seconds": 0.15414991596480832,
    "formatted": "154.15ms"
  }
}