{
    "structure": "1EFN",
    "selection": "A:B",
    "temp": 25.0,
    "ICs": 51,
    "nis_a": 44.274809160305345,
    "nis_c": 28.244274809160306,
    "nis_p": 27.480916030534353,
    "ba_val": -7.970328549618321,
    "kd_val": 1.4249689920093435e-06,
    "AA": 16,
    "PP": 1,
    "CC": 5,
    "AP": 12,
    "CP": 5,
    "AC": 12
}