{
  "ba_val": -11.311663627624512,
  "DG": 5.046069340153281e-09,
  "contacts": {
    "CC": 2.0,
    "PP": 2.0,
    "AA": 14.0,
    "AC": 18.0,
    "AP": 14.0,
    "CP": 8.0
  },
  "contact_percentages": {
    "CC": 3.4482758620689653,
    "PP": 3.4482758620689653,
    "AA": 24.137931034482758,
    "AC": 31.03448275862069,
    "AP": 24.137931034482758,
    "CP": 13.793103448275861
  },
  "nis": {
    "aliphatic": 33.59375,
    "charged": 22.65625,
    "polar": 43.75
  }
}