{
    "structure": "2TGP",
    "selection": "A:B",
    "temp": 25.0,
    "ICs": 76,
    "nis_a": 38.64734299516908,
    "nis_c": 18.357487922705314,
    "nis_p": 42.99516908212561,
    "ba_val": -12.34691077294686,
    "kd_val": 8.782235710118961e-10,
    "AA": 20,
    "PP": 1,
    "CC": 4,
    "AP": 14,
    "CP": 9,
    "AC": 28
}