{
  "ba_val": -9.456306457519531,
  "DG": 1.158372242571204e-07,
  "contacts": {
    "CC": 6.0,
    "PP": 1.0,
    "AA": 21.0,
    "AC": 18.0,
    "AP": 11.0,
    "CP": 11.0
  },
  "contact_percentages": {
    "CC": 8.823529411764707,
    "PP": 1.4705882352941178,
    "AA": 30.88235294117647,
    "AC": 26.470588235294116,
    "AP": 16.176470588235293,
    "CP": 16.176470588235293
  },
  "nis": {
    "aliphatic": 35.143768310546875,
    "charged": 33.226837158203125,
    "polar": 31.629392623901367
  }
}