{
  "ba_val": -10.313658714294434,
  "DG": 2.7226086274367844e-08,
  "contacts": {
    "CC": 5.0,
    "PP": 13.0,
    "AA": 8.0,
    "AC": 15.0,
    "AP": 18.0,
    "CP": 8.0
  },
  "contact_percentages": {
    "CC": 7.462686567164179,
    "PP": 19.402985074626866,
    "AA": 11.940298507462687,
    "AC": 22.388059701492537,
    "AP": 26.865671641791046,
    "CP": 11.940298507462687
  },
  "nis": {
    "aliphatic": 33.171913146972656,
    "charged": 21.307506561279297,
    "polar": 45.52058410644531
  }
}