{
    "structure": "2HRK",
    "selection": "A:B",
    "temp": 25.0,
    "ICs": 56,
    "nis_a": 40.25974025974026,
    "nis_c": 27.272727272727273,
    "nis_p": 32.467532467532465,
    "ba_val": -8.658334285714286,
    "kd_val": 4.4581715974655014e-07,
    "AA": 13,
    "PP": 1,
    "CC": 8,
    "AP": 9,
    "CP": 11,
    "AC": 14
}