{
  "ba_val": -12.154643058776855,
  "DG": 1.2151567529983254e-09,
  "contacts": {
    "CC": 3.0,
    "PP": 7.0,
    "AA": 19.0,
    "AC": 21.0,
    "AP": 22.0,
    "CP": 8.0
  },
  "contact_percentages": {
    "CC": 3.75,
    "PP": 8.75,
    "AA": 23.75,
    "AC": 26.25,
    "AP": 27.5,
    "CP": 10.0
  },
  "nis": {
    "aliphatic": 35.625,
    "charged": 22.70833396911621,
    "polar": 41.66666793823242
  }
}