{
    "structure": "2PCC",
    "selection": "A:B",
    "temp": 25.0,
    "ICs": 39,
    "nis_a": 34.70031545741325,
    "nis_c": 32.49211356466877,
    "nis_p": 32.80757097791798,
    "ba_val": -8.106403186119875,
    "kd_val": 1.1323883038994954e-06,
    "AA": 8,
    "PP": 2,
    "CC": 8,
    "AP": 10,
    "CP": 6,
    "AC": 5
}