{
  "ba_val": -12.719870567321777,
  "DG": 4.677792597718167e-10,
  "contacts": {
    "CC": 6.0,
    "PP": 5.0,
    "AA": 20.0,
    "AC": 18.0,
    "AP": 25.0,
    "CP": 10.0
  },
  "contact_percentages": {
    "CC": 7.142857142857143,
    "PP": 5.9523809523809526,
    "AA": 23.80952380952381,
    "AC": 21.428571428571427,
    "AP": 29.761904761904763,
    "CP": 11.904761904761905
  },
  "nis": {
    "aliphatic": 36.52173614501953,
    "charged": 25.04347801208496,
    "polar": 38.43478012084961
  }
}