{
    "structure": "3CPH",
    "selection": "A:B",
    "temp": 25.0,
    "ICs": 63,
    "nis_a": 35.730858468677496,
    "nis_c": 35.498839907192576,
    "nis_p": 28.77030162412993,
    "ba_val": -9.343658538283062,
    "kd_val": 1.4011189330112547e-07,
    "AA": 19,
    "PP": 2,
    "CC": 6,
    "AP": 15,
    "CP": 7,
    "AC": 14
}