{
    "structure": "1AVZ",
    "selection": "A:B",
    "temp": 25.0,
    "ICs": 48,
    "nis_a": 42.53731343283582,
    "nis_c": 26.865671641791046,
    "nis_p": 30.597014925373134,
    "ba_val": -8.442735223880597,
    "kd_val": 6.416490750161387e-07,
    "AA": 10,
    "PP": 2,
    "CC": 5,
    "AP": 14,
    "CP": 8,
    "AC": 9
}