{
    "structure": "1AK4",
    "selection": "A:B",
    "temp": 25.0,
    "ICs": 49,
    "nis_a": 45.65217391304348,
    "nis_c": 26.52173913043478,
    "nis_p": 27.82608695652174,
    "ba_val": -7.2246752173913045,
    "kd_val": 5.02039929113078e-06,
    "AA": 20,
    "PP": 1,
    "CC": 0,
    "AP": 10,
    "CP": 4,
    "AC": 14
}