{
    "structure": "2NYZ",
    "selection": "A:B",
    "temp": 25.0,
    "ICs": 84,
    "nis_a": 36.41114982578397,
    "nis_c": 25.087108013937282,
    "nis_p": 38.501742160278745,
    "ba_val": -12.734503484320559,
    "kd_val": 4.563602914885332e-10,
    "AA": 20,
    "PP": 5,
    "CC": 6,
    "AP": 25,
    "CP": 10,
    "AC": 18
}