{
    "structure": "1EWY",
    "selection": "A:B",
    "temp": 25.0,
    "ICs": 58,
    "nis_a": 36.94915254237288,
    "nis_c": 33.220338983050844,
    "nis_p": 29.83050847457627,
    "ba_val": -8.258540000000002,
    "kd_val": 8.757977243019874e-07,
    "AA": 12,
    "PP": 3,
    "CC": 9,
    "AP": 9,
    "CP": 10,
    "AC": 15
}