{
    "structure": "1PVH",
    "selection": "A:B",
    "temp": 25.0,
    "ICs": 57,
    "nis_a": 35.11705685618729,
    "nis_c": 26.755852842809364,
    "nis_p": 38.12709030100334,
    "ba_val": -10.93943933110368,
    "kd_val": 9.46189403549367e-09,
    "AA": 11,
    "PP": 4,
    "CC": 5,
    "AP": 21,
    "CP": 8,
    "AC": 8
}