{
    "structure": "1M10",
    "selection": "A:B",
    "temp": 25.0,
    "ICs": 86,
    "nis_a": 36.30769230769231,
    "nis_c": 28.615384615384617,
    "nis_p": 35.07692307692308,
    "ba_val": -10.546135384615384,
    "kd_val": 1.838503587332966e-08,
    "AA": 12,
    "PP": 2,
    "CC": 16,
    "AP": 8,
    "CP": 24,
    "AC": 24
}