{
  "ba_val": -9.081648826599121,
  "DG": 2.181010501089986e-07,
  "contacts": {
    "CC": 5.0,
    "PP": 2.0,
    "AA": 25.0,
    "AC": 20.0,
    "AP": 11.0,
    "CP": 4.0
  },
  "contact_percentages": {
    "CC": 7.462686567164179,
    "PP": 2.985074626865672,
    "AA": 37.3134328358209,
    "AC": 29.850746268656717,
    "AP": 16.417910447761194,
    "CP": 5.970149253731344
  },
  "nis": {
    "aliphatic": 41.640380859375,
    "charged": 26.498422622680664,
    "polar": 31.86119842529297
  }
}