{
  "ba_val": -8.631235122680664,
  "DG": 4.6669583753100596e-07,
  "contacts": {
    "CC": 18.0,
    "PP": 5.0,
    "AA": 11.0,
    "AC": 17.0,
    "AP": 11.0,
    "CP": 15.0
  },
  "contact_percentages": {
    "CC": 23.376623376623378,
    "PP": 6.4935064935064934,
    "AA": 14.285714285714286,
    "AC": 22.07792207792208,
    "AP": 14.285714285714286,
    "CP": 19.48051948051948
  },
  "nis": {
    "aliphatic": 42.54807662963867,
    "charged": 31.00961685180664,
    "polar": 26.44230842590332
  }
}