{
  "ba_val": -10.800390243530273,
  "DG": 1.1966581503486395e-08,
  "contacts": {
    "CC": 1.0,
    "PP": 5.0,
    "AA": 10.0,
    "AC": 18.0,
    "AP": 19.0,
    "CP": 8.0
  },
  "contact_percentages": {
    "CC": 1.639344262295082,
    "PP": 8.19672131147541,
    "AA": 16.39344262295082,
    "AC": 29.508196721311474,
    "AP": 31.147540983606557,
    "CP": 13.114754098360656
  },
  "nis": {
    "aliphatic": 36.077056884765625,
    "charged": 26.26970100402832,
    "polar": 37.65324020385742
  }
}