{
  "ba_val": -9.370458602905273,
  "DG": 1.339113282483595e-07,
  "contacts": {
    "CC": 6.0,
    "PP": 2.0,
    "AA": 19.0,
    "AC": 14.0,
    "AP": 15.0,
    "CP": 7.0
  },
  "contact_percentages": {
    "CC": 9.523809523809524,
    "PP": 3.1746031746031744,
    "AA": 30.158730158730158,
    "AC": 22.22222222222222,
    "AP": 23.80952380952381,
    "CP": 11.11111111111111
  },
  "nis": {
    "aliphatic": 35.64814758300781,
    "charged": 35.41666793823242,
    "polar": 28.935184478759766
  }
}