{
  "ba_val": -8.062538146972656,
  "DG": 1.2194667533549364e-06,
  "contacts": {
    "CC": 5.0,
    "PP": 1.0,
    "AA": 16.0,
    "AC": 12.0,
    "AP": 12.0,
    "CP": 5.0
  },
  "contact_percentages": {
    "CC": 9.803921568627452,
    "PP": 1.9607843137254901,
    "AA": 31.372549019607842,
    "AC": 23.529411764705884,
    "AP": 23.529411764705884,
    "CP": 9.803921568627452
  },
  "nis": {
    "aliphatic": 43.93939208984375,
    "charged": 28.030302047729492,
    "polar": 28.030302047729492
  }
}