{
    "structure": "2C0L",
    "selection": "A:B",
    "temp": 25.0,
    "ICs": 87,
    "nis_a": 40.27777777777778,
    "nis_c": 31.944444444444443,
    "nis_p": 27.77777777777778,
    "ba_val": -11.240140555555556,
    "kd_val": 5.693971565249251e-09,
    "AA": 28,
    "PP": 3,
    "CC": 9,
    "AP": 25,
    "CP": 9,
    "AC": 13
}