{
  "ba_val": -5.669062614440918,
  "DG": 6.946596840862185e-05,
  "contacts": {
    "CC": 7.0,
    "PP": 0.0,
    "AA": 15.0,
    "AC": 16.0,
    "AP": 2.0,
    "CP": 2.0
  },
  "contact_percentages": {
    "CC": 16.666666666666668,
    "PP": 0.0,
    "AA": 35.714285714285715,
    "AC": 38.095238095238095,
    "AP": 4.761904761904762,
    "CP": 4.761904761904762
  },
  "nis": {
    "aliphatic": 44.73684310913086,
    "charged": 33.55263137817383,
    "polar": 21.710527420043945
  }
}