{
  "ba_val": -11.697599411010742,
  "DG": 2.6294912913726876e-09,
  "contacts": {
    "CC": 5.0,
    "PP": 2.0,
    "AA": 27.0,
    "AC": 14.0,
    "AP": 21.0,
    "CP": 7.0
  },
  "contact_percentages": {
    "CC": 6.578947368421052,
    "PP": 2.6315789473684212,
    "AA": 35.526315789473685,
    "AC": 18.42105263157895,
    "AP": 27.63157894736842,
    "CP": 9.210526315789474
  },
  "nis": {
    "aliphatic": 30.434783935546875,
    "charged": 34.78260803222656,
    "polar": 34.78260803222656
  }
}