{
    "structure": "1AKJ",
    "selection": "A:B",
    "temp": 25.0,
    "ICs": 73,
    "nis_a": 35.18123667377399,
    "nis_c": 29.637526652452024,
    "nis_p": 35.18123667377399,
    "ba_val": -7.292280746268657,
    "kd_val": 4.478679195417295e-06,
    "AA": 2,
    "PP": 18,
    "CC": 8,
    "AP": 18,
    "CP": 20,
    "AC": 7
}