{
    "structure": "1DQJ",
    "selection": "A:B",
    "temp": 25.0,
    "ICs": 91,
    "nis_a": 31.372549019607842,
    "nis_c": 20.833333333333332,
    "nis_p": 47.794117647058826,
    "ba_val": -12.710230784313726,
    "kd_val": 4.754575500786098e-10,
    "AA": 15,
    "PP": 11,
    "CC": 2,
    "AP": 25,
    "CP": 20,
    "AC": 18
}