{
  "ba_val": -11.361138343811035,
  "DG": 4.641560025220315e-09,
  "contacts": {
    "CC": 3.0,
    "PP": 1.0,
    "AA": 28.0,
    "AC": 26.0,
    "AP": 13.0,
    "CP": 10.0
  },
  "contact_percentages": {
    "CC": 3.7037037037037037,
    "PP": 1.2345679012345678,
    "AA": 34.5679012345679,
    "AC": 32.098765432098766,
    "AP": 16.049382716049383,
    "CP": 12.345679012345679
  },
  "nis": {
    "aliphatic": 39.40886688232422,
    "charged": 20.689655303955078,
    "polar": 39.9014778137207
  }
}