{
  "ba_val": -11.87292766571045,
  "DG": 1.955552164645269e-09,
  "contacts": {
    "CC": 7.0,
    "PP": 2.0,
    "AA": 12.0,
    "AC": 13.0,
    "AP": 18.0,
    "CP": 5.0
  },
  "contact_percentages": {
    "CC": 12.280701754385966,
    "PP": 3.508771929824561,
    "AA": 21.05263157894737,
    "AC": 22.80701754385965,
    "AP": 31.57894736842105,
    "CP": 8.771929824561404
  },
  "nis": {
    "aliphatic": 37.76824188232422,
    "charged": 19.313304901123047,
    "polar": 42.918453216552734
  }
}