{
    "structure": "1GXD",
    "selection": "A:B",
    "temp": 25.0,
    "ICs": 105,
    "nis_a": 40.0,
    "nis_c": 29.692307692307693,
    "nis_p": 30.307692307692307,
    "ba_val": -12.586792307692308,
    "kd_val": 5.856703384876708e-10,
    "AA": 35,
    "PP": 0,
    "CC": 16,
    "AP": 15,
    "CP": 6,
    "AC": 33
}