{
  "ba_val": -11.449840545654297,
  "DG": 3.99577615439739e-09,
  "contacts": {
    "CC": 4.0,
    "PP": 6.0,
    "AA": 14.0,
    "AC": 23.0,
    "AP": 23.0,
    "CP": 15.0
  },
  "contact_percentages": {
    "CC": 4.705882352941177,
    "PP": 7.0588235294117645,
    "AA": 16.470588235294116,
    "AC": 27.058823529411764,
    "AP": 27.058823529411764,
    "CP": 17.647058823529413
  },
  "nis": {
    "aliphatic": 31.95488739013672,
    "charged": 37.96992492675781,
    "polar": 30.0751895904541
  }
}