{
  "ba_val": -13.115234375,
  "DG": 2.3990737174628407e-10,
  "contacts": {
    "CC": 7.0,
    "PP": 8.0,
    "AA": 42.0,
    "AC": 33.0,
    "AP": 28.0,
    "CP": 9.0
  },
  "contact_percentages": {
    "CC": 5.511811023622047,
    "PP": 6.299212598425197,
    "AA": 33.07086614173228,
    "AC": 25.984251968503937,
    "AP": 22.04724409448819,
    "CP": 7.086614173228346
  },
  "nis": {
    "aliphatic": 40.583553314208984,
    "charged": 28.912466049194336,
    "polar": 30.503978729248047
  }
}