{
    "structure": "1KKL",
    "selection": "A:B",
    "temp": 25.0,
    "ICs": 71,
    "nis_a": 38.095238095238095,
    "nis_c": 30.714285714285715,
    "nis_p": 31.19047619047619,
    "ba_val": -9.144605714285714,
    "kd_val": 1.9610073163109817e-07,
    "AA": 22,
    "PP": 4,
    "CC": 6,
    "AP": 14,
    "CP": 9,
    "AC": 16
}