{
    "structure": "1K5D",
    "selection": "A:B",
    "temp": 25.0,
    "ICs": 109,
    "nis_a": 33.61169102296451,
    "nis_c": 40.50104384133612,
    "nis_p": 25.887265135699373,
    "ba_val": -11.572515845511482,
    "kd_val": 3.2480278581098716e-09,
    "AA": 27,
    "PP": 6,
    "CC": 16,
    "AP": 21,
    "CP": 15,
    "AC": 24
}