{
    "structure": "2VIS",
    "selection": "A:B",
    "temp": 25.0,
    "ICs": 59,
    "nis_a": 37.93103448275862,
    "nis_c": 18.39080459770115,
    "nis_p": 43.67816091954023,
    "ba_val": -10.962133333333334,
    "kd_val": 9.106094381340161e-09,
    "AA": 16,
    "PP": 7,
    "CC": 0,
    "AP": 23,
    "CP": 5,
    "AC": 8
}