{
    "structure": "2OOB",
    "selection": "A:B",
    "temp": 25.0,
    "ICs": 36,
    "nis_a": 34.78260869565217,
    "nis_c": 38.04347826086956,
    "nis_p": 27.17391304347826,
    "ba_val": -6.229856521739132,
    "kd_val": 2.694217203017303e-05,
    "AA": 15,
    "PP": 0,
    "CC": 3,
    "AP": 2,
    "CP": 3,
    "AC": 13
}