{
    "structure": "1E96",
    "selection": "A:B",
    "temp": 25.0,
    "ICs": 50,
    "nis_a": 37.16475095785441,
    "nis_c": 34.099616858237546,
    "nis_p": 28.735632183908045,
    "ba_val": -7.981605785440612,
    "kd_val": 1.3980851413127267e-06,
    "AA": 8,
    "PP": 4,
    "CC": 4,
    "AP": 11,
    "CP": 7,
    "AC": 16
}